Senior Data Scientist,$111K-$181K 
Data Science Manager,$111K-$181K 
Senior Data Engineer (Healthcare Domain experience required),$111K-$181K 
Credit Analytics Manager,$119K-$147K 
Senior Data Scientist,$74K-$124K 
Senior Data Scientist - Automated Marketing,$74K-$124K 
Senior Data Scientist,$102K-$121K 
Senior Data Scientist,$102K-$121K 
Senior Data Scientist,$102K-$121K 
Senior Data Scientist,$129K-$210K 
Senior Data Scientist,$156K-$254K 
Sr. Data Scientist,$156K-$254K 
Senior Data Scientist,$156K-$254K 
Senior Data Scientist,$156K-$254K 
Senior Data Scientist,$156K-$254K 
Senior Data Scientist,$156K-$254K 
Senior Data Engineer,$156K-$254K 
Senior Data Scientist,$156K-$254K 
Senior Data Scientist,$119K-$147K 
Sr. Data Scientist II,$119K-$147K 
Senior Data Scientist - R&D Oncology,$119K-$147K 
Data Scientist Product Manager,$119K-$147K 
Senior Data Scientist,$119K-$147K 
Senior Data Scientist,$119K-$147K 
Senior Data Scientist,$119K-$147K 
Sr Data Scientist,$119K-$147K 
 Treasury Product Manager",$116K-$152K 
Sr. Data Scientist,$116K-$152K 
Sr Data Scientist,$133K-$171K 
Data Science & Analytics Manager,$133K-$171K 
Senior Data Scientist,$133K-$171K 
Senior Data Scientist,$133K-$171K 
Senior Data Scientist - Ads Analytics / Machine Learning,$110K-$139K 
Senior Data Scientist,$110K-$139K 
Sr. Data Scientist,$110K-$139K 
Senior Data Scientist,$110K-$139K 
Sr. Data Scientist,$82K-$141K 
Senior Data Scientist,$82K-$141K 
Senior Data Scientist - Central Product Insights,$82K-$141K 
Sr Data Scientist,$82K-$141K 
Sr. Principal Metrics Analyst- Data Scientist,$82K-$141K 
Senior Data Scientist,$82K-$141K 
Senior Data Scientist - Algorithms,$96K-$119K 
Senior Big Data Engineer & Data Scientist (Apps Systems Engineer 6),$96K-$119K 
eCommerce Analytics Manager,$96K-$119K 
Senior Data Scientist,$96K-$119K 
Senior Data Scientist,$96K-$119K 
Senior Data Scientist,$96K-$119K 
Senior Data Scientist,$96K-$119K 
Senior Data Scientist,$96K-$119K 
Senior Data Scientist,$102K-$164K 
Junior Data Scientist,$102K-$164K 
Senior Data Scientist,$102K-$164K 
Senior Data Scientist,$102K-$164K 
Senior Data Scientist,$102K-$164K 
Senior Data Scientist,$113K-$180K 
Senior Data Scientist,$113K-$180K 
Senior Data Scientist,$113K-$180K 
Senior Data Scientist,$113K-$180K 
Senior Data Analyst,$113K-$180K 
Senior Data Scientist,$113K-$180K 
Sr. Data Analyst — US Safety,$76K-$122K 
Sr. Data Scientist,$76K-$122K 
Senior Data Scientist,$76K-$122K 
Sr. Data Scientist,$76K-$122K 
Senior Data Engineer/Data Scientist,$76K-$122K 
Research Scientist/Senior Scientist,$134K-$218K 
Sr Robotics Scientist,$134K-$218K 
Sr. Data Analyst,$134K-$218K 
Digital Analytics Manager,$134K-$218K 
Senior Data Scientist,$134K-$218K 
Junior Data Analyst,$134K-$218K 
Senior Data Analyst,$134K-$218K 
Senior Data Analyst,$76K-$125K 
Sr. Business Intelligence Analyst,$76K-$125K 
Business Analytics Manager,$76K-$125K 
Senior Data Scientist,$76K-$125K 
Sr. Data Scientist,$76K-$125K 
Senior Data Analyst - User Growth,$76K-$125K 
Senior Data Analyst,$76K-$125K 
Behavioral Data Science Manager,$132K-$208K 
First Data Hire for IoT Startup: Manager level Data Scientist/Engineer,$132K-$208K 
Sr. Data Scientist,$132K-$208K 
Senior Data Scientist,$132K-$208K 
Sr. Data Scientist,$132K-$208K 
Senior Data Scientist - Nationwide Opportunities,$132K-$208K 
Senior Data Analyst,$132K-$208K 
Senior Data Analyst,$83K-$105K 
Sr Data Analyst,$83K-$105K 
Senior Data Analyst,$83K-$105K 
Sr Data Engineer (AWS),$83K-$105K 
Sr. Data Scientist,$83K-$105K 
Senior Data Scientist,$83K-$105K 
Analytics Manager (Web / Social),$83K-$105K 
Sr. Data Analyst,$75K-$143K 
Sr. Data Analyst,$75K-$143K 
Operation Analytics Manager,$34K-$72K 
Air Compliance Engineer/Scientist (Mid to Senior),$34K-$72K 
Operation Analytics Manager,$37K-$75K 
 Senior",$37K-$75K 
VP of Data Science & Analytics,$37K-$75K 
Analytics Manager,$113K-$184K 
Associate Scientist - Sensory - Jr (Daily/Weekly OT),$113K-$184K 
Senior Research Scientist,$113K-$184K 
Senior Data Analyst,$113K-$184K 
Senior Data Engineer - Information Security,$113K-$184K 
Sr. Data Engineer - HBO Max,$113K-$184K 
Senior Data Analyst,$113K-$184K 
Sr. Data Analyst,$136K-$164K 
Call Center Analytics Manager,$136K-$164K 
Data Analyst Manager,$136K-$164K 
Sr Data Analyst (DW),$136K-$164K 
Senior Data Engineer,$136K-$164K 
Sr Predictive Analytics Manager,$136K-$164K 
Operation Analytics Manager,$136K-$164K 
Senior Customer Data Analyst : 20,$136K-$164K 
Senior Applied Machine Learning Engineer,$136K-$164K 
Data Analyst Junior,$136K-$164K 
Sr Data Engineer,$136K-$164K 
Senior Data Scientist (Experimentation),$79K-$130K 
Entry Level / Jr. Data Analyst,$79K-$130K 
Senior Data Scientist,$79K-$130K 
Senior Data Scientist,$91K-$105K 
Sr. Data Scientist,$91K-$105K 
Sr. Data Scientist (Multiple Openings),$91K-$105K 
Junior Data Analyst,$91K-$105K 
Senior Data Scientist,$91K-$105K 
Senior Quantitative Analyst,$31K-$56K 
Sr Data Scientist,$31K-$56K 
Senior Data Scientist,$31K-$56K 
Sr. Data Engineer,$31K-$56K 
Senior Scientist-Wind Vulnerability,$31K-$56K 
Sr Quantitative Analyst,$39K-$81K 
Senior Global Data Analyst / Power BI Dashboard Developer,$39K-$81K 
Senior Data Scientist,$39K-$81K 
Sr. Data Analyst,$39K-$81K 
Senior Data Scientist,$39K-$81K 
Senior Data Scientist - Telecommute,$39K-$81K 
Senior Python Data Scientist,$99K-$174K 
Junior Data Analyst,$99K-$174K 
Data Scientist Sr. - Conversation Designer & NLP Analyst,$99K-$174K 
Senior Data Scientist - Nationwide Opportunities,$99K-$174K 
Sr. Decision Scientist,$99K-$174K 
Sr. Data Scientist,$76K-$147K 
Data Scientist - Sr. Analyst,$76K-$147K 
Senior Data Scientist,$76K-$147K 
Sr Data Scientist,$76K-$147K 
Senior Data Analyst,$76K-$147K 
Senior Data Scientist,$76K-$147K 
Senior Research Data Analyst,$76K-$147K 
Senior Data & Machine Learning Scientist,$62K-$109K 
Senior Data & Machine Learning Scientist,$62K-$109K 
Senior Data Scientist,$62K-$109K 
Senior Data Analyst,$62K-$109K 
Senior Data Analyst,$62K-$109K 
Senior Data Scientist,$62K-$109K 
Sr. Data Visualization Developer,$62K-$109K 
Senior HFT Futures Quantitative Research Scientist,$62K-$109K 
Sr. Data Scientist,$62K-$109K 
Director of Data Science,$62K-$109K 
Senior Data Analyst,$62K-$109K 
Director of Data Science,$62K-$109K 
Data Scientist- Senior Advisor,$70K-$123K 
Talent Acquisition Vendor & Analytics Manager - Virtual,$70K-$123K 
Jr. Business Intelligence Analyst,$40K-$73K 
Analytics Manager,$40K-$73K 
Environmental Scientist/Engineer (Jr. Level),$40K-$73K 
Data Analytics Manager,$40K-$73K 
Pricing Strategy and Analytics Manager,$38K-$59K 
 Tax (Affordable Care Act) (ACA) (Manager) (Multiple Positions)",$38K-$59K 
Data Analytics Manager,$38K-$59K 
Senior Big Data Engineer - QuantumBlack,$38K-$59K 
Senior Environmental Soil Scientist,$38K-$59K 
Senior Digital Analytics Consultant,$60K-$105K 
Senior Data Analyst,$60K-$105K 
Junior Imaging Scientist,$60K-$105K 
Senior Data Engineer,$60K-$105K 
Senior Google Analytics Manager,$60K-$105K 
Senior Manager- Data science/Operations research- Analytics & AI,$60K-$105K 
Senior Data Analyst,$60K-$105K 
Senior Environmental Research Scientist,$69K-$144K 
 Tax (Affordable Care Act) (ACA) (Manager) (Multiple Positions)",$69K-$144K 
Junior Imaging Scientist,$69K-$144K 
Publicis Media - Senior Data Consultant (m/f/d) - Düsseldorf,$69K-$144K 
Senior Data Analyst,$47K-$82K 
Sr. Data Scientist/AI Scientist,$47K-$82K 
Senior Data Analyst,$47K-$82K 
Valuation & Business Analytics Manager,$47K-$82K 
Senior Data Scientist,$90K-$175K 
Senior Data Scientist,$39K-$87K 
Sr. Data Scientist,$39K-$87K 
Senior Data Scientist - Nationwide Opportunities,$36K-$71K 
Sr Scientist - Research & Advanced Development,$36K-$71K 
SR Data Scientist,$55K-$117K 
Sr. Machine Learning Engineer,$55K-$117K 
Data Analyst Manager,$55K-$117K 
Data and Analytics Manager,$55K-$117K 
Senior Analytical Scientist,$55K-$117K 
Senior Data Scientist with Extensive Industrial Experience,$114K-$144K 
Senior Scientist (Process Development Downstream),$114K-$144K 
Senior Manager- Data science/Operations research- Analytics & AI,$114K-$144K 
Sr. Data Engineer,$114K-$144K 
Business Intelligence Analytics Manager,$114K-$144K 
Senior Data Analyst,$114K-$144K 
Data Science Manager,$138K-$217K 
Senior Data Analyst,$138K-$217K 
Sr. Data Engineer,$138K-$217K 
Lead Big Data Engineer / Architect - Director,$138K-$217K 
Sr. IoT Data Scientist - AWS Professional Services,$138K-$217K 
Manufacturing Science and Technology Senior Scientist (Viral Vector),$138K-$217K 
Senior Data Engineer,$138K-$217K 
Data Analytics Manager,$138K-$217K 
Program Manager (TTI Associate Research Scientist),$138K-$217K 
Workforce & Data Analytics Manager (Call Center Experience Required),$138K-$217K 
Senior HFT Futures Quantitative Research Scientist,$72K-$97K 
Data Engineering Manager,$72K-$97K 
Valuation & Business Analytics Manager,$72K-$97K 
Sr Data Engineer,$72K-$97K 
Senior Business Intelligence Analyst,$72K-$97K 
 Financial Services Risk Management - Structured Finance - Financial Services Office (Senior) (Multiple Positions)",$73K-$136K 
Federal - Data Engineer - Senior,$73K-$136K 
Senior Research Scientist Specializing in Machine Learning,$73K-$136K 
Senior Data Engineer,$73K-$136K 
Sr. Data Analyst,$73K-$136K 
Manufacturing Science and Technology Senior Scientist (Viral Vector),$73K-$136K 
Senior Data Engineer,$73K-$136K 
Sr Big Data Engineer,$73K-$136K 
Sr. Data Engineer,$73K-$136K 
Strategic Business Analytics Manager,$73K-$136K 
Senior Data Engineer - C3.ai,$73K-$136K 
Senior Data Analyst,$94K-$151K 
Sr. Data Scientist II,$97K-$159K 
Director Data Scientist - Data Science Hub,$97K-$159K 
Jr. Data Scientist/Engineer,$97K-$159K 
Senior Data Scientist,$97K-$159K 
Sr Data Scientist,$97K-$159K 
Senior Director of Data Science,$97K-$159K 
Sr Data Analyst,$46K-$104K 
Business Intelligence & Analytics Manager,$46K-$104K 
Sr. Data Engineer,$46K-$104K 
Senior Data Analyst,$46K-$104K 
Sr Applied Scientist,$46K-$104K 
Senior Data Engineer (ASE5) Asset and Liability Technology Wells Fargo Corporate Treasury,$45K-$81K 
Sr. Business Intelligence Analyst- Power BI,$45K-$81K 
Principal/Senior Data Scientist,$45K-$81K 
SRO BI & Analytics Manager,$92K-$144K 
Revenue Management and Strategic Analytics Manager,$92K-$144K 
Data Scientist SR,$92K-$144K 
Senior Big Data Engineer,$92K-$144K 
 Manager (Global Data and Analytics))",$64K-$97K 
Senior Data Analyst,$64K-$97K 
Sr Marketing Analytics Manager (Individual Contributor),$64K-$97K 
Jr. Data Engineer,$64K-$97K 
Epic BI & Analytics Manager-Remote,$47K-$73K 
Senior User Experience Research Scientist,$47K-$73K 
Senior Data Analyst w/ Collibra,$47K-$73K 
Senior Business Intelligence Data Analyst,$47K-$73K 
Senior Data Engineer,$47K-$73K 
Senior Thermal Modeling Engineer,$47K-$73K 
Epic BI & Analytics Manager-Remote,$47K-$73K 
Data & Analytics Manager,$47K-$73K 
Senior Data Engineer,$47K-$73K 
Senior Big Data Analyst,$47K-$73K 
Data Analyst Senior,$47K-$73K 
Senior Data Analyst,$84K-$156K 
Senior Data Engineer,$84K-$156K 
Senior Data Analyst,$84K-$156K 
Adobe Analytics Manager,$84K-$156K 
Sr. Data Engineer,$84K-$156K 
Federal - Data Engineer - Senior,$84K-$156K 
Senior Java Visualization Data Engineer,$84K-$156K 
Senior Data Analyst,$84K-$156K 
Senior Data Analyst,$84K-$156K 
Senior Java Visualization Data Engineer,$84K-$156K 
Senior Data Engineer,$97K-$111K 
Senior Data Engineer,$97K-$111K 
Senior Data Science Consultant,$97K-$111K 
Sr Data Engineer (memSql),$97K-$111K 
Director of Data Science,$97K-$111K 
Sr Data Engineer,$97K-$111K 
Senior Data Engineer - Apps Systems Engineer 5,$84K-$101K 
Cyber Security Research Scientist 3 - Sr. Application Pentester,$84K-$101K 
Senior Data Engineer,$84K-$101K 
Sr. Data Engineer,$84K-$101K 
Senior Data Engineer,$84K-$101K 
Senior Data Engineer (TS/SCI with Polygraph),$84K-$101K 
Senior Data Science Consultant,$84K-$101K 
Senior Data Engineer,$84K-$101K 
Senior Data Engineer,$84K-$101K 
Sr. Data Engineer with Strong Python,$84K-$101K 
Cloud Data Engineer - Senior Solution Specialist - USDC,$99K-$173K 
Sr Big Data Engineer,$99K-$173K 
Sr. Big Data Engineer,$99K-$173K 
Senior Data Scientist,$93K-$151K 
Sr Data Analyst,$93K-$151K 
Senior Data Scientist,$50K-$87K 
Senior Data Scientist,$50K-$87K 
Senior Data Scientist,$50K-$87K 
Bioprocess Scientist/Senior Bioprocess Scientist,$71K-$117K 
Sr. Data Scientist,$71K-$117K 
Senior Data Scientist,$71K-$117K 
Junior Data Analyst,$71K-$117K 
Sr. Data Analyst,$44K-$80K 
Junior Data Analyst,$44K-$80K 
Sr Data Analyst,$44K-$80K 
Senior Data Scientist / Artificial Intelligence / Machine Learning / AI/ML Scientist,$44K-$80K 
Senior Healthcare Data Analyst,$44K-$80K 
Sr. Data Scientist,$44K-$80K 
 Data & Analytics (Advanced Analytics) Manager (Multiple Positions)",$44K-$80K 
Senior Data Engineer,$94K-$166K 
Sr Decision Scientist,$94K-$166K 
 Neuroscience (Director level)",$94K-$166K 
Senior Marketing Data Scientist II,$94K-$166K 
Senior Research Scientist,$94K-$166K 
Sr. Scientist. Small Molecule Bioanalysis LCMS,$65K-$100K 
Neuroimaging Data Analyst Junior,$65K-$100K 
Formulation development Sr Scientist,$65K-$100K 
Sr. Principal Software Cloud Streaming Data Engineer,$46K-$83K 
Molecular Engineering Senior Research Scientist,$46K-$83K 
Sr. Consultant Data Engineer,$46K-$83K 
Clinical Scientist Associate Director,$46K-$83K 
Senior GMP Analytical Scientist,$46K-$83K 
Director of Health Data Science,$46K-$83K 
Senior Big Data Consultant,$46K-$83K 
HT Downstream Sr Scientist,$46K-$83K 
Senior Principal Scientist / Associate Director - Translational Sciences,$46K-$83K 
 Haem Onc (Director level)",$46K-$83K 
Senior Software Engineer (Data Platform),$46K-$83K 
Sr Research Scientist- Ocular,$46K-$83K 
Senior Analytical Scientist/Process and Technology Development,$46K-$83K 
Junior Data Analyst - SQL Programmer,$45K-$106K 
Analytics Manager,$45K-$106K 
Director Data Strategy,$45K-$106K 
Senior Data Analyst,$45K-$106K 
Senior Data Analyst,$45K-$106K 
Senior Healthcare Data Analyst - Multiple Positions,$71K-$122K 
PD Downstream Sr Scientist,$71K-$122K 
Director of Health Data Science,$71K-$122K 
Sr. Principal Software Cloud Streaming Data Engineer,$71K-$122K 
QC Analytical Scientist or Senior QC Analytical Scientist,$71K-$122K 
Senior Data Scientist with experience in life sciences data specifically in commercial,$143K-$237K 
Sr Scientist,$143K-$237K 
Sr. Research Scientist-Liver,$143K-$237K 
Senior Cyber Applied Research Scientist (CH),$143K-$237K 
Sr. Research Scientist CNS,$143K-$237K 
Vector Optimization Senior Research Scientist,$143K-$237K 
VP -- US Consumer Digital Prospecting Data Scientist,$143K-$237K 
Director of Quantitative Research,$70K-$154K 
Senior Quantitative Researcher,$70K-$154K 
Senior Product Development Scientist / Pharmaceutical Sterile Products,$68K-$89K 
Senior Scientist-UV Coatings,$68K-$89K 
SR BUSINESS DATA ANALYST PRN,$55K-$101K 
Downstream Sr. Scientist,$55K-$101K 
Process Development Downstream Sr. Scientist,$55K-$101K 
Senior Managing Consultant - Data Science,$55K-$101K 
Process Scientist/Senior Process Scientist,$55K-$101K 
Senior Upstream Processing Scientist,$55K-$101K 
Senior Data Analyst,$55K-$101K 
Clinical Safety and Risk Management CSRM Medical Associate / Senior Scientist,$55K-$101K 
Director Data Scientist - Data Science Hub,$98K-$152K 
Sr. Tech Svc Scientist (I),$98K-$152K 
Business Intelligence Analyst Senior,$98K-$152K 
Senior Data Scientist,$54K-$92K 
Sr. Data Scientist with SAS,$54K-$92K 
Sr Data Engineer,$54K-$92K 
Business Intelligence Analyst Senior (Chief Financial Office),$54K-$92K 
Federal - Senior Machine Learning Engineer,$54K-$92K 
Federal - Senior Machine Learning Engineer,$54K-$92K 
Business Intelligence Analyst Senior - Marketing,$74K-$140K 
LEAD COMPUTER SCIENTIST - SR. COMPUTER SCIENTIST - SPACE DATA SYSTEMS,$74K-$140K 
Data Scientist (Sr.),$74K-$140K 
Sr. Fraud Risk Quantitative Analyst,$74K-$140K 
Senior Data Analyst,$74K-$140K 
Federal - Data Engineer - Senior,$83K-$154K 
Senior Data Analyst,$83K-$154K 
Federal - Senior Machine Learning Engineer,$83K-$154K 
Sr. Scientist/Engineer,$83K-$154K 
Senior Contract Data Analyst,$83K-$154K 
Senior Contract Data Analyst,$83K-$154K 
RESEARCH COMPUTER SCIENTIST - SR. COMPUTER SCIENTIST - SIGNAL PROCESSING,$52K-$91K 
Senior Technical Services Specialist/Scientist,$52K-$91K 
Business Intelligence Analyst Senior (Chief Financial Office),$52K-$91K 
Senior Data Engineer,$52K-$91K 
Senior Social Scientist,$52K-$91K 
Senior Data Analyst,$52K-$91K 
Manager of Data Science,$52K-$91K 
LEAD ENGINEER - SR. COMPUTER SCIENTIST - SR. RESEARCH ENGINEER - UNMANNED SYSTEMS,$52K-$91K 
Senior Data Engineer,$52K-$91K 
Senior Data Engineer,$52K-$91K 
Business Intelligence Analyst Senior - Marketing,$43K-$76K 
RESEARCH COMPUTER SCIENTIST - RESEARCH ENGINEER - SR. COMPUTER SCIENTIST - SIGNAL PROCESSING,$43K-$76K 
Senior Data Science Analyst,$43K-$76K 
RESEARCH COMPUTER SCIENTIST - RESEARCH ENGINEER - SR. RESEARCH ENGINEER - INDUSTRIAL ROBOTICS,$43K-$76K 
Senior Data Modeler,$43K-$76K 
Sr. Tech Svc Scientist (I),$43K-$76K 
Sr. Principal Data Scientist,$114K-$146K 
Senior Data Scientist,$60K-$124K 
Sr. Applied Scientist,$60K-$124K 
Marketing Return Analytics Manager,$60K-$124K 
Sr. Scientist,$46K-$82K 
Junior Data Analyst,$46K-$82K 
Senior Data Scientist,$46K-$82K 
Staff/ Sr.Staff Scientist - Assay On Market Support And Development,$46K-$82K 
Senior Data Scientist,$46K-$82K 
Senior Data Analyst,$46K-$82K 
Sr Staff Scientist,$83K-$165K 
Sr. Data Scientist,$83K-$165K 
 Senior",$83K-$165K 
Sr. Data Scientist,$83K-$165K 
Senior Consulting Data Analyst,$83K-$165K 
Jr. Big Data Engineer,$83K-$165K 
Senior Scientist (REPOSTED 07/13/2020),$83K-$165K 
Senior Data Analyst,$83K-$165K 
Senior Machine Learning Engineer,$71K-$122K 
Senior Bioprocess Scientist - Fermentation,$39K-$69K 
Sr. Data Analyst,$39K-$69K 
SWRMC Assessments Junior Data Analyst,$39K-$69K 
Sr. Research Scientist II (AD),$39K-$69K 
Jr. Data Engineer,$39K-$69K 
Clinical Research Data Manager,$39K-$69K 
Senior Scientist - Computational Biology,$88K-$140K 
Senior Data Analyst,$88K-$140K 
Senior Scientist (Molecular Dx Dermatology,$88K-$140K 
Sr Data Engineer (DBA),$88K-$140K 
Sr Data Engineer-Supply Chain,$88K-$140K 
Sr. Data Analytics consultant,$74K-$129K 
Data Analyst Junior,$74K-$129K 
Senior Data Engineer,$74K-$129K 
Senior Scientist - CMC Analytical Development,$114K-$211K 
Risk Analytics Manager,$114K-$211K 
Staff or Sr. Scientist Pharm R&D,$114K-$211K 
Sr. Scientist - Digital & Image Analysis/Computational Pathology,$75K-$149K 
Scientist / Sr. Scientist – Cell Line Development,$75K-$149K 
Sr. Scientist Analytical Method Development,$112K-$211K 
Senior Scientist - Immunotherapeutic Design,$112K-$211K 
Sr. Scientist - NGS Assay Development,$112K-$211K 
In Vivo Senior Principal Scientist,$62K-$127K 
Senior Data Engineer,$62K-$127K 
Research Scientist - SRA,$86K-$178K 
Sr. Data Manager (Sr. Associate),$86K-$178K 
 Senior Scientist",$86K-$178K 
Senior Scientist - Medical Device,$110K-$169K 
Senior Scientist – Immunotherapeutic Design,$110K-$169K 
 Sr Staff",$110K-$169K 
Sr Data-Applied Scientist-PCCI,$12K-$112K 
Sr Data-Applied Scientist-PCCI,$12K-$111K 
Senior Data Scientist,$12K-$111K 
Senior Data Scientist,$12K-$111K 
(Senior) Human Scientist,$12K-$111K 
Director Data Scientist - Data Science Hub,$134K-$210K 
Sr Data Scientist,$134K-$210K 
Senior Data Scientist - Nationwide Opportunities,$49K-$78K 
Senior Data Scientist,$49K-$78K 
Sr. Data Scientist,$49K-$78K 
Junior Data Analyst,$49K-$78K 
Director - Data Science,$49K-$78K 
Senior Software/Data Engineer,$49K-$78K 
Sr Quantitative Analyst,$48K-$98K 
 Manager",$48K-$98K 
Sr. Data & ML Engineer,$48K-$98K 
Business Intelligence Analyst Senior,$85K-$159K 
VP - Data Scientist,$85K-$159K 
Sr. Data Scientist,$85K-$159K 
Call Center Analytics Manager,$85K-$159K 
Senior Data Analyst - Property Operations,$51K-$79K 
Senior Data Analyst,$51K-$79K 
Senior Data Scientist-Healthcare,$51K-$79K 
Senior Quantitative Analyst,$51K-$79K 
Big Data/Machine Learning Engineer - Sr,$51K-$79K 
Director of Data Science,$51K-$79K 
Big Data/Machine Learning Engineer - Sr,$49K-$92K 
Big Data/Machine Learning Engineer - Sr,$49K-$92K 
Sr. Data Engineer,$49K-$92K 
Director of Data Analytics,$49K-$92K 
 Vice President",$49K-$92K 
Senior Data Architect,$49K-$92K 
Sr. Enterprise BI Data Analyst,$49K-$92K 
Senior Data Analyst,$49K-$92K 
Sr. Data Analyst,$49K-$92K 
Senior Data Engineer,$49K-$92K 
Senior Data Analyst,$49K-$92K 
Sr. Data Analyst - Healthcare Claims,$49K-$92K 
Senior Data Analyst,$85K-$147K 
Sr. Analytics Consultant,$45K-$78K 
Sr. Data Engineer,$45K-$78K 
Senior Data Analyst,$48K-$89K 
Sr. Business Data Analyst Enterprise Risk,$48K-$89K 
Big Data/Machine Learning Engineer - Sr,$48K-$89K 
Senior Business Intelligence Analyst,$48K-$89K 
Director - Translational Scientist Liaisons,$48K-$89K 
Sr. Business Data Analyst - Enterprise Risk,$48K-$89K 
Sr. Enterprise BI Data Analyst,$46K-$91K 
Senior Business Intelligence Analyst,$46K-$91K 
Data Science Sr. Analyst,$46K-$91K 
Full Stack Data Engineer Irving AVP/C12,$46K-$91K 
Sr. Data Modeler (Open API),$46K-$91K 
Senior Machine Learning Engineer,$46K-$91K 
Senior Data Engineer,$46K-$91K 
Sr. Data Engineer - Dive Into Big Data & Get Plenty of PTO,$73K-$102K 
Manager of Data Science/Analytics,$73K-$102K 
Sr Data Engineer Hadoop,$73K-$102K 
(Senior) Data Engineer,$73K-$102K 
Sr. BI Data Engineer and Analyst,$73K-$102K 
Senior Data Architect,$73K-$102K 
Development Analytics Manager,$73K-$102K 
Federal - Data Engineer - Senior,$73K-$102K 
Business Analytics Manager,$73K-$102K 
Business Strategy and Planning Director - Data Science Strategy,$73K-$102K 
Sr. Data Engineer,$73K-$102K 
Senior Data Engineer,$73K-$102K 
Corporate Senior Business Intelligence Analyst,$73K-$102K 
Sr. Big Data Engineer,$100K-$172K 
Wi-Fi Senior Data Scientist,$93K-$149K 
Senior Data Engineer,$93K-$149K 
Senior Data Modeler,$93K-$149K 
Senior Data Scientist,$93K-$149K 
Principal Data Scientist / Sr. Principal Data Scientist,$93K-$149K 
Senior Scientist/Scientist II - IVD,$93K-$149K 
Cyber Security Senior Data Scientist,$93K-$149K 
Senior Machine Learning Engineer,$148K-$174K 
Sr Data Scientist,$148K-$174K 
Senior Data Engineer,$111K-$175K 
Senior Data Scientist,$111K-$175K 
Senior Data Scientist,$111K-$175K 
Senior Data Scientist,$111K-$175K 
Senior Data Scientist,$111K-$175K 
Senior Data Scientist,$111K-$175K 
Senior Data Scientist,$111K-$175K 
Senior Data Scientist (San Jose OR Austin),$111K-$175K 
Sr. Data Software Engineer,$111K-$175K 
Senior Data Analyst,$111K-$175K 
Lead Senior Data Scientist,$111K-$175K 
Sr. Data Scientist II,$150K-$237K 
Senior Decision Scientist-,$150K-$237K 
Sr. Data Analyst - Growth & Adoption,$150K-$237K 
Senior Data Engineer,$150K-$237K 
Sr. Data Scientist - Marketing Analytics,$150K-$237K 
Senior or Staff Data Scientist,$150K-$237K 
Senior HR Data Analyst,$200K-$250K
Senior Data Scientist,$200K-$250K
Sr. Data Scientist - Platform Manipulation,$200K-$250K
Sr. Data Scientist/Analyst,$200K-$250K
Senior Data Analyst,$200K-$250K
Senior Principal Data Scientist (Python/R),$135K-$214K 
Senior Decision Scientist,$135K-$214K 
Senior Data Scientist,$135K-$214K 
Senior Data Scientist,$135K-$214K 
Senior Data Scientist (San Jose OR Austin),$135K-$214K 
Senior Data Scientist,$135K-$214K 
Senior Data Scientist,$135K-$214K 
Sr. Data Scientist,$135K-$214K 
Sr. BI Data Engineer III,$135K-$214K 
Senior Big Data Engineer,$135K-$214K 
Senior Data Scientist,$119K-$188K 
Senior Machine Learning Engineer,$119K-$188K 
Senior Data Scientist,$119K-$188K 
Sr. Data Scientist,$145K-$176K 
Senior Data Scientist Customer Experience,$145K-$176K 
Senior Data Scientist,$145K-$176K 
Senior Data Scientist (Customer Experience),$145K-$176K 
Senior Data Scientist,$145K-$176K 
Director Data Science,$145K-$176K 
Senior Data Scientist - Optimization,$150K-$169K 
Senior Bioinformatics Scientist,$150K-$169K 
Junior Data Analyst,$150K-$169K 
Senior Data Scientist,$150K-$169K 
Sr. Data Engineer (Remote US),$150K-$169K 
Senior Data Scientist,$150K-$169K 
Sr. Data Analyst,$150K-$169K 
Senior Data Scientist,$121K-$192K 
Federal - Senior Machine Learning Engineer,$121K-$192K 
Data Science Manager,$141K-$225K 
Senior Data Scientist - Pricing,$141K-$225K 
Sr. AWS Data Engineer,$141K-$225K 
Senior Data Engineer - Core Data Science & Engineering,$141K-$225K 
Senior Data Scientist - Business Growth,$141K-$225K 
Sr Medical Data Scientist,$102K-$179K 
Senior Director of Data Science,$102K-$179K 
Federal - Data Engineer - Senior,$102K-$179K 
Junior Data Engineer,$116K-$181K 
Senior Data & Applied Scientist,$116K-$181K 
Senior Data Scientist,$112K-$178K 
Junior Data Analyst,$112K-$178K 
Senior Data Scientist,$112K-$178K 
Remote Senior Data Scientist (Healthcare / Claims Data),$93K-$151K 
Junior Data Analyst,$93K-$151K 
Junior Data Analyst,$93K-$151K 
Junior Data Analyst,$100K-$152K 
Senior Data Scientist,$100K-$152K 
Junior Data Analyst,$100K-$152K 
Junior Data Engineer,$100K-$152K 
Senior Data Scientist,$100K-$152K 
CPU Performance –Sr Principal Modeling Engineer,$100K-$152K 
Product Manager - Data Science,$100K-$152K 
Senior Data Scientist - Nationwide Opportunities,$100K-$152K 
Senior Staff Data Engineer,$38K-$68K 
Senior Data Scientist and Machine Learning Expert,$73K-$111K 
Digital Analytics and Data Science Manager,$73K-$111K 
Senior Claims Data Analyst,$73K-$111K 
Senior Data Engineer,$73K-$111K 
Senior Data Analyst,$73K-$111K 
Senior Data Engineer (ATX),$82K-$129K
Senior Data Engineer,$82K-$129K
Senior Data Analyst,$82K-$129K
Jr. Data Engineer,$82K-$129K
Senior Claims Data Analyst,$74K-$144K 
Senior Strategy Data Analyst,$74K-$144K 
Senior Data Engineer,$74K-$144K 
Sr. Machine Learning Engineer,$74K-$144K 
Senior Data Engineer,$74K-$144K 
Data Analyst Junior,$74K-$144K 
Data Engineer-Sr Specialist,$74K-$144K 
Senior Data Analyst,$74K-$144K 
Marketing Analytics Manager,$41K-$66K 
Senior Data Engineer (ATX),$41K-$66K 
Senior Business Intelligence Analyst,$59K-$113K 
Sr. Data Engineer,$59K-$113K 
Sr Advanced Data Architect/Data Engineer,$70K-$129K 
 Senior",$70K-$129K 
Sr Snowflake Data Engineer,$70K-$129K 
Data Sciences Program Manager with Security Clearance,$70K-$129K 
Senior Data Engineer,$70K-$129K 
Senior Cloud Data Analyst,$70K-$129K 
Jr. Data Engineer with Security Clearance,$70K-$129K 
Senior Data Science Engineer,$70K-$129K 
Senior Data Analyst / Senior BI and Insights Analyst,$70K-$129K 
Senior Data Engineer,$50K-$110K 
Sr Advanced Data Architect/Data Engineer,$50K-$110K 
Data Engineer- Sr. Specialist,$50K-$110K 
Enterprise Architecture & Data Analytics Manager,$50K-$110K 
Federal - Data Engineer - Senior,$50K-$110K 
Data Analyst/Program Manager,$50K-$110K 
Senior Data Engineer / Architect,$50K-$110K 
Senior Data Modeler - Technical Architect,$50K-$110K 
Senior Data Engineer,$50K-$110K 
Data Science Manager,$62K-$112K 
Senior Data Engineer,$62K-$112K 
DPS - FIN - CAPPS Financial Senior Data Analyst,$62K-$112K 
Senior Machine Learning Engineer,$62K-$112K 
Data Engineer- Sr. Specialist,$62K-$112K 
SR. COMPUTER SCIENTIST - SR. RESEARCH ENGINEER - EMBEDDED SOFTWARE,$62K-$112K 
Data Science Director,$62K-$112K 
RESEARCH COMPUTER SCIENTIST - RESEARCH ENGINEER - SR. COMPUTER SCIENTIST - SIGNAL PROCESSING,$62K-$112K 
Data Analyst â Junior,$62K-$112K 
Sr. Data Scientist,$61K-$94K 
Junior Data Analyst,$61K-$94K 
Senior Data Analyst,$61K-$94K 
Data Analytics Manager,$61K-$94K 
Sr BI Data Engineer,$54K-$88K 
Sr. Data Analyst - Guidewire Data Hub,$54K-$88K 
Data Analyst Junior,$54K-$88K 
Senior Environmental Scientist / Ecologist,$54K-$88K 
Director of Development & Data Science,$54K-$88K 
Senior Data Analyst- Guidewire Data Hub,$54K-$88K 
Senior Business Intelligence Analyst,$66K-$130K 
Senior Environmental Scientist Part Time,$66K-$130K 
Senior Environmental Scientist Part Time,$66K-$130K 
Data Analyst â Junior,$66K-$130K 
Senior Data Engineer - C3.ai,$66K-$130K 
Sr Data Scientist,$57K-$80K 
Sr Data Analyst,$57K-$80K 
Database- Sr. Data Engineer,$39K-$71K 
Senior Data Analyst,$55K-$98K 
Sr. Data Engineer,$100K-$172K 
Web Analytics Manager,$100K-$172K 
Hadoop Developer / Big Data Engineer / senior Data Engineer,$100K-$172K 
Sr. Big Data Engineer,$100K-$172K 
Senior. Data Engineer - Informatica,$100K-$172K 
Sr Data Engineer,$100K-$172K 
Sr. Data Engineer,$100K-$172K 
Sr. Big data Ebgineer,$100K-$172K 
Senior Developer - Data Engineer |,$100K-$172K 
Federal - Data Engineer - Senior,$100K-$172K 
Cyber Security Research Scientist 3 - Sr. Application Pentester,$100K-$172K 
Full Stack Data Engineer Irving AVP/C12,$100K-$172K 
Web Analytics Manager,$100K-$172K 
Senior Data Engineer with Kafka-Yarn-Spark-HDFS and HIVE,$100K-$172K 
Sr. Data Architect (contract-to-hire),$100K-$172K 
Senior Big Data Engineer,$93K-$103K 
Senior Big Data Engineer,$93K-$103K 
Senior Big Data Engineer,$93K-$103K 
Senior Cloud Data Engineer,$93K-$103K 
Senior Big Data Engineer,$93K-$103K 
Senior Cloud Data Engineer,$93K-$103K 
Senior Big Data Engineer,$93K-$103K 
Senior Data Scientist,$100K-$163K 
Junior Data Scientist,$100K-$163K 
Data Science Manager,$100K-$163K 
Data Scientist Sr. Associate - SALES SCIENCE,$100K-$163K 
Data Scientist Associate Sr (DADS06) CCB ML & AI,$100K-$163K 
Business Analyst / Data Scientist Manager,$98K-$160K 
Healthcare Data Analytics PhD / Sr. Data Scientist,$98K-$160K 
PhD or Senior Data Scientist - - Healthcare Data Analytics,$98K-$160K 
Junior Data Analyst,$98K-$160K 
Senior Data Scientist,$98K-$160K 
Business Analytics Manager,$98K-$160K 
VP - Global Data & Analytics,$52K-$94K 
Senior Data Scientist *,$52K-$94K 
Senior Scientist,$52K-$94K 
Sr. Scientist,$55K-$113K 
Environmental Senior Research Scientist,$55K-$113K 
Senior Staff Scientist,$55K-$113K 
Senior Business Intelligence Data Engineer,$55K-$113K 
Data Analyst Junior,$55K-$113K 
Quant Analytics Manager (DAQA07) SALES SCIENCE,$39K-$86K 
Research Scientist Sr- RI Deans,$39K-$86K 
Data Engineer Sr,$39K-$86K 
CCB F&BM - Quantitative Modeling/Data Science - Vice President,$39K-$86K 
Director of Data Science - Big Data + Machine Learning,$39K-$86K 
Senior Research Scientist - RI IPP Cooper,$55K-$112K 
Senior AWS Big Data Engineer,$55K-$112K 
Federal - Data Engineer - Senior,$55K-$112K 
Sr Data Modeler,$55K-$112K 
Senior/Principal Scientist - Display Technologies/NGS,$55K-$112K 
Senior Data Engineer (Data ELT/ETL Engineer),$55K-$112K 
Senior Data Engineer,$55K-$112K 
Software Engineer - Senior Data Analyst,$55K-$112K 
Sr Data Analyst,$55K-$112K 
Data Analyst â Junior,$55K-$112K 
